[{
"id": "WMWSW31030T222518",
"modelIdentifier": "mini",
"modelName": "MINI",
"name": "Vanessa",
"make": "BMW",
"group": "MINI",
"color": "midnight_black",
"series": "MINI",
"fuelType": "D",
"fuelLevel": 0.7,
"transmission": "M",
"licensePlate": "M-VO0259",
"latitude": 48.134557,
"longitude": 11.576921,
"innerCleanliness": "REGULAR",
"carImageUrl": "https://cdn.sixt.io/codingtask/images/mini.png"
},
{
"id": "WMWSU31070T077232",
"modelIdentifier": "mini",
"modelName": "MINI",
"name": "Regine",
"make": "BMW",
"group": "MINI",
"color": "midnight_black",
"series": "MINI",
"fuelType": "P",
"fuelLevel": 0.55,
"transmission": "M",
"licensePlate": "M-I7425",
"latitude": 48.114988,
"longitude": 11.598359,
"innerCleanliness": "CLEAN",
"carImageUrl": "https://cdn.sixt.io/codingtask/images/mini.png"
},
{
"id": "WMWSW31060T222495",
"modelIdentifier": "mini",
"modelName": "MINI",
"name": "Angie",
"make": "BMW",
"group": "MINI",
"color": "midnight_black",
"series": "MINI",
"fuelType": "D",
"fuelLevel": 0.4,
"transmission": "M",
"licensePlate": "M-VO0244",
"latitude": 48.152207,
"longitude": 11.572649,
"innerCleanliness": "CLEAN",
"carImageUrl": "https://cdn.sixt.io/codingtask/images/mini.png"
},
{
"id": "WMWZN31000T054855",
"modelIdentifier": "mini_cabrio",
"modelName": "MINI Cabrio",
"name": "Valentin",
"make": "BMW",
"group": "MINI",
"color": "hot_chocolate",
"series": "Cabrio",
"fuelType": "P",
"fuelLevel": 0.43,
"transmission": "M",
"licensePlate": "M-N4657",
"latitude": 48.149398,
"longitude": 11.58068,
"innerCleanliness": "VERY_CLEAN",
"carImageUrl": "https://cdn.sixt.io/codingtask/images/mini_cabrio.png"
},
{
"id": "WMWXN310X0T908158",
"modelIdentifier": "mini",
"modelName": "MINI",
"name": "Tabea",
"make": "BMW",
"group": "MINI",
"color": "midnight_black_metal",
"series": "MINI",
"fuelType": "D",
"fuelLevel": 0.55,
"transmission": "M",
"licensePlate": "M-DX8563",
"latitude": 48.19004,
"longitude": 11.574267,
"innerCleanliness": "VERY_CLEAN",
"carImageUrl": "https://cdn.sixt.io/codingtask/images/mini.png"
},
{
"id": "WMWSU31060T077268",
"modelIdentifier": "mini",
"modelName": "MINI",
"name": "Gerhard",
"make": "BMW",
"group": "MINI",
"color": "midnight_black",
"series": "MINI",
"fuelType": "P",
"fuelLevel": 0.75,
"transmission": "M",
"licensePlate": "M-VO0149",
"latitude": 48.155038,
"longitude": 11.533255,
"innerCleanliness": "CLEAN",
"carImageUrl": "https://cdn.sixt.io/codingtask/images/mini.png"
},
{
"id": "WMWSW31010T113555",
"modelIdentifier": "mini",
"modelName": "MINI",
"name": "Peggy",
"make": "BMW",
"group": "MINI",
"color": "midnight_black",
"series": "MINI",
"fuelType": "D",
"fuelLevel": 0.7,
"transmission": "M",
"licensePlate": "M-IL2642",
"latitude": 48.130227,
"longitude": 11.566136,
"innerCleanliness": "VERY_CLEAN",
"carImageUrl": "https://cdn.sixt.io/codingtask/images/mini.png"
},
{
"id": "WMWZD51010WN11489",
"modelIdentifier": "mini_countryman",
"modelName": "MINI Countryman",
"name": "Rocco",
"make": "BMW",
"group": "MINI",
"color": "light_white",
"series": "Countryman",
"fuelType": "D",
"fuelLevel": 0.4,
"transmission": "M",
"licensePlate": "M-DX5200",
"latitude": 48.141452,
"longitude": 11.567535,
"innerCleanliness": "VERY_CLEAN",
"carImageUrl": "https://cdn.sixt.io/codingtask/images/mini_countryman.png"
},
{
"id": "WMWSW51060T473920",
"modelIdentifier": "mini",
"modelName": "MINI",
"name": "Kathrin",
"make": "BMW",
"group": "MINI",
"color": "iced_chocolate",
"series": "MINI",
"fuelType": "D",
"fuelLevel": 0.07,
"transmission": "A",
"licensePlate": "M-DX7609",
"latitude": 48.142786,
"longitude": 11.558915,
"innerCleanliness": "REGULAR",
"carImageUrl": "https://cdn.sixt.io/codingtask/images/mini.png"
},
{
"id": "WMWXN31040T908141",
"modelIdentifier": "mini",
"modelName": "MINI",
"name": "Xander",
"make": "BMW",
"group": "MINI",
"color": "midnight_black_metal",
"series": "MINI",
"fuelType": "D",
"fuelLevel": 0.04,
"transmission": "M",
"licensePlate": "M-DX8790",
"latitude": 48.142791,
"longitude": 11.558888,
"innerCleanliness": "CLEAN",
"carImageUrl": "https://cdn.sixt.io/codingtask/images/mini.png"
},
{
"id": "WBAUE51000P352725",
"modelIdentifier": "bmw_1er",
"modelName": "BMW 1er",
"name": "Sonja",
"make": "BMW",
"group": "BMW",
"color": "alpinweiss",
"series": "1er",
"fuelType": "P",
"fuelLevel": 0.51,
"transmission": "M",
"licensePlate": "M-Z8478",
"latitude": 48.106956,
"longitude": 11.590711,
"innerCleanliness": "CLEAN",
"carImageUrl": "https://cdn.sixt.io/codingtask/images/bmw_1er.png"
},
{
"id": "WBAUE51070P352494",
"modelIdentifier": "bmw_1er",
"modelName": "BMW 1er",
"name": "Lasse",
"make": "BMW",
"group": "BMW",
"color": "saphirschwarz",
"series": "1er",
"fuelType": "P",
"fuelLevel": 0.92,
"transmission": "M",
"licensePlate": "M-VO0270",
"latitude": 48.170041,
"longitude": 11.576643,
"innerCleanliness": "VERY_CLEAN",
"carImageUrl": "https://cdn.sixt.io/codingtask/images/bmw_1er.png"
},
{
"id": "WMWZN31020T054906",
"modelIdentifier": "mini_cabrio",
"modelName": "MINI Cabrio",
"name": "Romeo",
"make": "BMW",
"group": "MINI",
"color": "hot_chocolate",
"series": "Cabrio",
"fuelType": "P",
"fuelLevel": 0.48,
"transmission": "M",
"licensePlate": "M-Z2173",
"latitude": 48.128793,
"longitude": 11.569426,
"innerCleanliness": "CLEAN",
"carImageUrl": "https://cdn.sixt.io/codingtask/images/mini_cabrio.png"
},
{
"id": "WMWSW310X0T114073",
"modelIdentifier": "mini",
"modelName": "MINI",
"name": "Siegfried",
"make": "BMW",
"group": "MINI",
"color": "midnight_black",
"series": "MINI",
"fuelType": "D",
"fuelLevel": 0.85,
"transmission": "M",
"licensePlate": "M-IL2647",
"latitude": 48.137342,
"longitude": 11.546826,
"innerCleanliness": "REGULAR",
"carImageUrl": "https://cdn.sixt.io/codingtask/images/mini.png"
},
{
"id": "WMWXM51090T900602",
"modelIdentifier": "mini",
"modelName": "MINI",
"name": "Silvia",
"make": "BMW",
"group": "MINI",
"color": "midnight_black_metal",
"series": "MINI",
"fuelType": "P",
"fuelLevel": 0.72,
"transmission": "M",
"licensePlate": "M-DX8561",
"latitude": 48.189907,
"longitude": 11.574388,
"innerCleanliness": "CLEAN",
"carImageUrl": "https://cdn.sixt.io/codingtask/images/mini.png"
},
{
"id": "WMWSU31020T077252",
"modelIdentifier": "mini",
"modelName": "MINI",
"name": "Patty",
"make": "BMW",
"group": "MINI",
"color": "midnight_black",
"series": "MINI",
"fuelType": "P",
"fuelLevel": 0,
"transmission": "M",
"licensePlate": "M-VO0127",
"latitude": 48.042802,
"longitude": 11.510077,
"innerCleanliness": "VERY_CLEAN",
"carImageUrl": "https://cdn.sixt.io/codingtask/images/mini.png"
},
{
"id": "WMWSU31080T077224",
"modelIdentifier": "mini",
"modelName": "MINI",
"name": "Ulrike",
"make": "BMW",
"group": "MINI",
"color": "midnight_black",
"series": "MINI",
"fuelType": "P",
"fuelLevel": 0.53,
"transmission": "M",
"licensePlate": "M-I7406",
"latitude": 48.184569,
"longitude": 11.56019,
"innerCleanliness": "CLEAN",
"carImageUrl": "https://cdn.sixt.io/codingtask/images/mini.png"
},
{
"id": "WMWSW31010T222503",
"modelIdentifier": "mini",
"modelName": "MINI",
"name": "Manuel",
"make": "BMW",
"group": "MINI",
"color": "midnight_black",
"series": "MINI",
"fuelType": "D",
"fuelLevel": 0.93,
"transmission": "M",
"licensePlate": "M-JO0253",
"latitude": 48.182553,
"longitude": 11.564462,
"innerCleanliness": "CLEAN",
"carImageUrl": "https://cdn.sixt.io/codingtask/images/mini.png"
},
{
"id": "WBAUP310X0VN99924",
"modelIdentifier": "bmw_activee",
"modelName": "BMW ActiveE",
"name": "Barbarella",
"make": "BMW",
"group": "BMW",
"color": "iced_chocolate_metal",
"series": "ActiveE",
"fuelType": "E",
"fuelLevel": 0.69,
"transmission": "A",
"licensePlate": "L-AE1025",
"latitude": 48.17712,
"longitude": 11.565376,
"innerCleanliness": "CLEAN",
"carImageUrl": "https://cdn.sixt.io/codingtask/images/bmw_activee.png"
},
{
"id": "WMWSW31030T113539",
"modelIdentifier": "mini",
"modelName": "MINI",
"name": "Clarence",
"make": "BMW",
"group": "MINI",
"color": "midnight_black",
"series": "MINI",
"fuelType": "D",
"fuelLevel": 0.55,
"transmission": "M",
"licensePlate": "M-IL2619",
"latitude": 48.169013,
"longitude": 11.574173,
"innerCleanliness": "CLEAN",
"carImageUrl": "https://cdn.sixt.io/codingtask/images/mini.png"
},
{
"id": "WMWSW31080T222501",
"modelIdentifier": "mini",
"modelName": "MINI",
"name": "Beate",
"make": "BMW",
"group": "MINI",
"color": "midnight_black",
"series": "MINI",
"fuelType": "D",
"fuelLevel": 0.65,
"transmission": "M",
"licensePlate": "M-VO0253",
"latitude": 48.163106,
"longitude": 11.564346,
"innerCleanliness": "VERY_CLEAN",
"carImageUrl": "https://cdn.sixt.io/codingtask/images/mini.png"
},
{
"id": "WMWSU31020T084069",
"modelIdentifier": "mini",
"modelName": "MINI",
"name": "Yasmin",
"make": "BMW",
"group": "MINI",
"color": "midnight_black",
"series": "MINI",
"fuelType": "P",
"fuelLevel": 0.95,
"transmission": "M",
"licensePlate": "M-PY7456",
"latitude": 48.133203,
"longitude": 11.546092,
"innerCleanliness": "VERY_CLEAN",
"carImageUrl": "https://cdn.sixt.io/codingtask/images/mini.png"
},
{
"id": "WMWSU31000T077248",
"modelIdentifier": "mini",
"modelName": "MINI",
"name": "Norbert",
"make": "BMW",
"group": "MINI",
"color": "midnight_black",
"series": "MINI",
"fuelType": "P",
"fuelLevel": 0.8,
"transmission": "M",
"licensePlate": "M-VO0265",
"latitude": 48.120278,
"longitude": 11.583476,
"innerCleanliness": "VERY_CLEAN",
"carImageUrl": "https://cdn.sixt.io/codingtask/images/mini.png"
},
{
"id": "WMWZN31070T054853",
"modelIdentifier": "mini_cabrio",
"modelName": "MINI Cabrio",
"name": "Florian",
"make": "BMW",
"group": "MINI",
"color": "hot_chocolate",
"series": "Cabrio",
"fuelType": "P",
"fuelLevel": 0.55,
"transmission": "M",
"licensePlate": "M-I7362",
"latitude": 48.168436,
"longitude": 11.526889,
"innerCleanliness": "CLEAN",
"carImageUrl": "https://cdn.sixt.io/codingtask/images/mini_cabrio.png"
},
{
"id": "WMWSU31050T077262",
"modelIdentifier": "mini",
"modelName": "MINI",
"name": "Scarlett",
"make": "BMW",
"group": "MINI",
"color": "midnight_black",
"series": "MINI",
"fuelType": "P",
"fuelLevel": 0.98,
"transmission": "M",
"licensePlate": "M-VO0130",
"latitude": 48.162771,
"longitude": 11.592978,
"innerCleanliness": "CLEAN",
"carImageUrl": "https://cdn.sixt.io/codingtask/images/mini.png"
},
{
"id": "WBY1Z41030VU98776",
"modelIdentifier": "bmw_i3",
"modelName": "BMW i3",
"name": "Casimir",
"make": "BMW",
"group": "BMW",
"color": "absolute_black_metal",
"series": "i3",
"fuelType": "E",
"fuelLevel": 0.62,
"transmission": "A",
"licensePlate": "M-NC1027",
"latitude": 48.189471,
"longitude": 11.574494,
"innerCleanliness": "VERY_CLEAN",
"carImageUrl": "https://cdn.sixt.io/codingtask/images/bmw_i3.png"
},
{
"id": "WMWZF31040TX87911",
"modelIdentifier": "mini",
"modelName": "MINI",
"name": "Quentin",
"make": "BMW",
"group": "MINI",
"color": "midnight_black",
"series": "MINI",
"fuelType": "P",
"fuelLevel": 0.8,
"transmission": "M",
"licensePlate": "M-VO0310",
"latitude": 48.125121,
"longitude": 11.556484,
"innerCleanliness": "REGULAR",
"carImageUrl": "https://cdn.sixt.io/codingtask/images/mini.png"
},
{
"id": "WMWSW31060T114071?",
"modelIdentifier": "mini",
"modelName": "MINI",
"name": "Vicki+",
"make": "BMW",
"group": "MINI",
"color": "schwarz",
"series": "MINI",
"fuelType": "D",
"fuelLevel": 0.98,
"transmission": "M",
"licensePlate": "M-IL1296?",
"latitude": 48.193826,
"longitude": 11.563875,
"innerCleanliness": "VERY_CLEAN",
"carImageUrl": "https://cdn.sixt.io/codingtask/images/mini.png"
}]
